,1981,1982,1983,1984,1985,1986,1987,1988,1989,1990,1991,1992,1993,1994,1995,1996,1997,1998,1999,2000,2001,2002,2003,2004,2005,2006,2007,2008,2009,2010,2011,2012,2013,2014,2015,2016,2017,2018,2019,2020,2021,2022,2023,2024,2025,2026,2027,2028,2029,2030,2031,2032,2033,2034,2035,2036,2037,2038,2039,2040,2041,2042,2043,2044,2045,2046,2047,2048,2049,2050,2051,2052,2053,2054,2055,2056,2057,2058,2059,2060,2061,2062,2063,2064
0,1263.90,1233.77,1140.72,1073.48,1041.89,1092.64,1037.56,1018.50,954.60,888.54,829.53,734.39,706.03,683.74,683.37,687.49,645.43,628.65,644.34,611.24,597.00,599.30,576.86,555.80,572.45,545.00,535.82,522.70,511.37,464.45,494.26,457.99,433.62,412.93,437.02,414.59,405.22,396.23,387.86,379.79,371.94,364.49,357.55,350.80,344.33,338.42,332.73,327.12,321.77,316.79,311.85,307.35,303.13,298.90,295.08,291.41,287.52,283.91,280.66,277.30,274.01,270.71,267.45,264.42,261.20,257.93,254.98,252.05,248.85,245.87,242.96,239.97,237.14,234.32,231.51,228.70,226.03,223.22,220.40,217.95,215.47,212.81,210.23,207.73
1,83.00,90.40,73.39,85.31,76.63,67.31,68.91,72.60,69.48,69.45,67.56,54.36,55.90,53.35,46.01,51.22,51.53,50.94,51.97,43.51,41.08,47.03,39.01,42.82,39.60,39.75,40.74,36.92,31.65,32.15,35.40,32.43,32.27,34.64,30.79,29.67,28.58,27.84,27.64,27.13,26.52,25.91,25.29,24.85,24.55,24.24,23.42,22.75,22.89,22.87,22.52,21.95,21.43,21.06,20.70,20.66,20.59,20.35,20.19,19.58,18.95,18.82,18.73,18.63,18.67,18.58,18.23,17.95,17.59,17.43,17.50,17.18,16.82,16.48,16.13,16.01,16.08,16.19,16.08,15.85,15.62,15.21,14.53,14.26
2,53.75,47.56,46.24,45.19,50.89,43.08,45.17,43.91,47.03,44.25,38.66,34.18,39.43,31.36,29.64,31.23,30.71,32.35,31.62,27.96,25.45,27.77,25.45,23.11,25.69,23.58,28.24,18.47,18.71,19.17,20.20,18.22,17.80,17.08,19.47,18.48,18.12,17.77,17.38,16.89,16.43,16.06,15.71,15.37,15.05,14.82,14.61,14.41,14.21,14.00,13.85,13.62,13.38,13.26,13.12,12.97,12.81,12.63,12.45,12.25,12.06,11.86,11.67,11.54,11.47,11.30,11.14,11.04,10.96,10.82,10.69,10.56,10.38,10.26,10.14,9.96,9.84,9.78,9.61,9.49,9.42,9.30,9.18,9.12
3,40.65,39.75,36.88,41.89,40.19,37.91,31.56,35.62,36.49,32.50,33.29,26.70,27.34,21.95,25.09,21.90,21.11,22.43,22.61,18.51,17.02,16.16,21.92,20.36,19.27,15.14,19.38,16.28,11.06,15.60,11.43,10.42,11.02,13.38,13.16,12.35,12.10,11.85,11.54,11.27,11.01,10.71,10.48,10.15,9.82,9.63,9.46,9.36,9.20,9.05,8.95,8.84,8.73,8.62,8.50,8.37,8.29,8.20,8.05,7.88,7.72,7.61,7.56,7.52,7.47,7.37,7.22,7.13,7.10,7.03,6.96,6.89,6.77,6.70,6.70,6.63,6.52,6.46,6.40,6.28,6.17,6.05,5.99,5.98
4,39.24,31.26,33.17,25.03,30.73,27.48,28.88,26.12,26.89,26.05,21.89,25.49,23.15,21.50,15.45,21.80,20.10,18.52,17.87,16.94,16.64,18.30,16.34,13.01,11.58,12.83,14.53,12.46,9.22,10.23,10.20,11.38,10.86,7.30,10.70,10.03,9.82,9.53,9.16,8.93,8.73,8.49,8.33,7.99,7.73,7.59,7.40,7.29,7.18,7.08,6.98,6.88,6.77,6.72,6.60,6.48,6.47,6.46,6.38,6.23,6.14,6.11,6.07,6.03,5.99,5.95,5.86,5.78,5.69,5.56,5.49,5.42,5.35,5.29,5.23,5.23,5.17,5.11,5.10,4.99,4.82,4.76,4.70,4.64
5,30.88,26.93,29.81,26.18,25.50,25.52,25.01,23.98,26.91,23.45,23.41,21.90,17.41,13.72,17.68,16.41,16.54,15.97,14.34,12.81,13.17,12.81,14.13,9.91,11.28,12.41,11.63,14.24,11.35,10.30,11.51,11.17,8.86,9.56,9.61,9.06,8.75,8.41,8.03,7.78,7.56,7.37,7.20,6.98,6.83,6.69,6.56,6.43,6.32,6.21,6.17,6.06,5.96,5.91,5.80,5.74,5.74,5.67,5.60,5.52,5.44,5.41,5.38,5.29,5.20,5.17,5.08,4.99,4.91,4.78,4.70,4.69,4.68,4.61,4.50,4.38,4.32,4.32,4.31,4.20,4.09,4.08,4.03,3.97
6,32.53,26.27,29.38,25.92,20.01,20.35,23.62,22.83,21.22,24.43,20.25,18.48,17.00,16.90,17.26,13.10,14.91,14.53,13.64,17.25,13.62,11.49,14.07,11.35,14.27,10.12,11.21,12.18,10.52,10.79,9.75,9.38,7.33,11.27,8.77,8.24,7.96,7.61,7.31,7.10,6.90,6.74,6.57,6.40,6.25,6.16,6.02,5.89,5.82,5.71,5.66,5.56,5.45,5.41,5.30,5.24,5.25,5.19,5.12,5.05,4.92,4.84,4.81,4.73,4.64,4.61,4.52,4.44,4.41,4.33,4.20,4.13,4.12,4.11,4.05,3.93,3.87,3.81,3.75,3.70,3.64,3.64,3.63,3.58
7,26.12,24.18,27.47,23.91,27.65,24.96,17.12,24.41,26.06,16.03,20.86,19.45,15.10,16.22,14.11,10.14,12.59,17.63,13.53,12.62,13.37,11.43,10.36,10.04,8.62,9.30,9.50,10.87,7.52,7.39,8.30,7.28,11.16,8.55,7.97,7.41,7.20,6.94,6.66,6.46,6.35,6.21,6.06,5.95,5.79,5.70,5.62,5.48,5.41,5.34,5.22,5.12,5.07,5.03,4.92,4.87,4.87,4.82,4.70,4.57,4.44,4.37,4.35,4.33,4.31,4.28,4.19,4.11,4.09,4.01,3.87,3.75,3.68,3.67,3.66,3.65,3.59,3.48,3.42,3.41,3.41,3.41,3.41,3.30
8,24.92,26.72,23.92,24.53,20.23,19.87,20.50,25.67,19.29,19.53,20.35,15.70,17.32,18.99,16.20,11.83,17.73,13.58,12.14,11.78,11.34,9.65,10.32,12.41,8.95,12.35,12.51,11.96,10.53,10.96,9.65,10.75,7.52,6.71,7.32,6.85,6.60,6.46,6.28,6.06,5.91,5.79,5.71,5.62,5.46,5.36,5.33,5.19,5.05,5.04,4.92,4.80,4.81,4.71,4.54,4.49,4.50,4.45,4.27,4.15,4.15,4.14,4.13,4.11,4.09,4.06,3.98,3.90,3.82,3.74,3.72,3.64,3.57,3.56,3.55,3.54,3.48,3.36,3.25,3.19,3.19,3.18,3.18,3.13
9,23.44,23.22,25.12,22.21,19.23,16.87,17.48,20.49,18.44,17.67,20.57,15.75,17.32,15.20,17.16,16.18,13.84,13.16,12.30,13.12,8.78,13.62,11.68,11.33,9.47,14.17,10.95,10.29,8.02,11.34,10.65,8.77,7.69,10.43,6.96,6.61,6.40,6.22,6.09,5.86,5.64,5.54,5.48,5.39,5.31,5.21,5.11,5.02,4.94,4.87,4.74,4.61,4.56,4.45,4.28,4.24,4.25,4.19,4.08,4.02,4.02,4.02,4.01,3.94,3.86,3.84,3.82,3.80,3.72,3.64,3.62,3.59,3.58,3.56,3.55,3.48,3.42,3.36,3.24,3.19,3.18,3.13,3.07,3.01
10,24.25,23.03,20.97,25.39,23.57,19.49,16.25,21.33,20.75,18.95,18.18,17.08,17.14,12.70,19.61,12.46,16.93,14.34,13.14,13.79,15.34,10.01,9.22,11.89,11.53,12.04,7.05,11.70,7.80,8.80,8.75,9.45,7.89,10.93,7.11,6.68,6.47,6.26,6.08,5.90,5.73,5.62,5.53,5.46,5.38,5.23,5.13,5.10,5.01,4.87,4.80,4.73,4.60,4.49,4.38,4.33,4.29,4.18,4.13,4.13,4.13,4.07,4.01,3.94,3.87,3.86,3.84,3.81,3.79,3.77,3.74,3.66,3.59,3.57,3.55,3.49,3.42,3.41,3.41,3.40,3.34,3.23,3.17,3.12
11,26.18,26.61,26.87,25.26,29.92,21.27,20.33,22.86,20.99,21.00,17.85,17.38,19.80,17.94,14.83,16.94,15.82,17.16,14.31,11.86,13.76,16.04,12.48,9.70,13.87,13.84,11.97,9.09,10.31,9.63,8.21,11.51,6.56,10.09,7.98,7.29,6.99,6.83,6.61,6.43,6.24,6.06,5.95,5.86,5.74,5.61,5.52,5.48,5.38,5.23,5.15,5.13,5.06,4.94,4.82,4.77,4.67,4.57,4.58,4.58,4.59,4.42,4.24,4.23,4.23,4.21,4.20,4.12,4.03,4.01,3.98,3.90,3.82,3.80,3.78,3.77,3.75,3.74,3.68,3.62,3.56,3.50,3.50,3.49
12,26.86,25.15,27.61,27.13,24.48,20.18,22.93,22.06,22.54,18.61,18.21,22.39,20.59,24.14,19.84,19.37,19.52,16.07,17.90,16.05,19.16,11.76,15.51,15.22,16.80,11.78,13.52,9.85,10.07,11.04,10.64,11.18,10.91,10.50,9.56,8.84,8.46,8.25,8.05,7.80,7.55,7.29,7.10,6.86,6.66,6.50,6.31,6.22,6.12,5.96,5.86,5.78,5.70,5.63,5.51,5.45,5.40,5.36,5.31,5.27,5.28,5.11,4.93,4.93,4.93,4.92,4.84,4.71,4.63,4.60,4.57,4.54,4.51,4.49,4.41,4.33,4.25,4.18,4.12,4.05,4.05,4.04,3.98,3.92
13,32.08,29.36,28.84,25.42,30.44,24.69,33.88,33.27,22.05,27.00,27.71,21.80,24.00,21.12,21.97,22.00,19.87,20.77,16.82,16.09,20.29,20.97,18.75,14.04,17.70,19.33,16.32,11.65,13.64,9.76,8.63,10.07,13.57,10.85,11.74,10.98,10.50,10.14,9.88,9.63,9.35,9.02,8.75,8.47,8.22,8.04,7.85,7.73,7.58,7.40,7.24,7.08,6.87,6.73,6.66,6.53,6.48,6.43,6.33,6.23,6.13,6.02,5.97,5.92,5.86,5.85,5.78,5.70,5.62,5.54,5.51,5.47,5.44,5.40,5.31,5.23,5.09,4.96,4.94,4.93,4.92,4.91,4.79,4.68
14,35.40,36.93,35.81,36.13,37.03,30.41,34.76,31.45,28.22,30.68,32.63,25.37,27.61,29.85,25.65,27.91,24.44,25.47,23.05,19.65,24.21,23.16,21.24,20.02,18.95,19.45,20.54,14.22,14.42,12.79,12.76,13.02,12.93,13.22,14.91,13.86,13.23,12.76,12.34,12.01,11.70,11.31,10.90,10.61,10.41,10.21,10.00,9.79,9.56,9.29,9.04,8.92,8.69,8.48,8.39,8.25,8.19,8.07,7.97,7.88,7.72,7.62,7.58,7.53,7.42,7.36,7.35,7.28,7.08,6.94,6.84,6.75,6.71,6.61,6.51,6.47,6.38,6.29,6.27,6.19,6.12,6.10,6.04,5.92
15,42.40,43.65,45.18,43.30,39.07,43.42,39.90,37.49,41.86,42.61,46.44,34.45,36.59,33.41,31.98,34.98,30.31,29.29,26.49,25.40,25.98,28.92,24.95,29.08,23.47,25.20,28.03,21.17,25.66,17.35,17.23,13.22,16.33,14.68,19.14,17.92,17.13,16.47,15.86,15.35,14.94,14.47,13.96,13.53,13.28,13.03,12.74,12.33,11.94,11.67,11.39,11.18,11.04,10.87,10.70,10.55,10.47,10.34,10.22,10.13,10.04,9.95,9.74,9.64,9.48,9.31,9.31,9.18,8.99,8.90,8.75,8.60,8.55,8.44,8.33,8.22,8.12,8.07,8.03,7.89,7.75,7.73,7.71,7.59
16,53.15,55.30,59.46,53.58,52.68,53.02,51.82,52.40,54.43,60.02,56.99,43.38,41.71,44.32,37.32,41.32,49.64,48.70,43.33,42.81,34.69,39.87,38.71,33.03,35.08,35.47,34.49,36.51,28.72,22.90,23.73,20.43,22.28,21.89,24.63,23.02,22.12,21.18,20.28,19.65,19.05,18.46,17.89,17.36,16.95,16.55,16.18,15.75,15.27,14.94,14.58,14.23,14.06,13.85,13.65,13.48,13.32,13.17,13.04,12.92,12.72,12.52,12.32,12.18,11.97,11.75,11.64,11.52,11.40,11.32,11.11,10.89,10.84,10.78,10.66,10.48,10.36,10.30,10.18,10.02,9.93,9.84,9.75,9.68
17,104.62,97.69,82.77,79.40,80.07,81.46,79.81,85.07,84.72,87.60,74.57,67.98,67.04,68.63,70.87,68.43,63.58,57.26,62.29,58.20,59.97,58.23,52.86,52.90,60.48,58.10,49.40,52.62,49.78,38.79,35.14,33.90,29.11,29.37,31.20,29.06,27.96,26.85,25.72,24.78,23.97,23.26,22.54,21.91,21.30,20.68,20.18,19.75,19.24,18.70,18.26,17.92,17.67,17.42,17.19,16.97,16.79,16.56,16.35,16.15,15.82,15.50,15.43,15.30,15.04,14.84,14.63,14.52,14.40,14.21,14.01,13.80,13.63,13.51,13.32,13.13,13.04,12.91,12.67,12.49,12.42,12.26,12.11,12.02
18,106.89,105.67,94.25,87.06,87.89,97.77,91.19,88.53,92.09,91.81,95.63,81.43,82.35,73.95,90.55,84.02,85.68,87.36,72.12,80.49,85.40,80.37,74.37,68.41,68.15,61.78,63.37,59.18,56.60,53.87,40.59,50.98,39.67,42.17,38.32,35.63,34.24,32.95,31.65,30.39,29.28,28.37,27.49,26.70,26.01,25.25,24.60,24.07,23.51,22.86,22.32,22.01,21.65,21.32,21.04,20.79,20.50,20.13,19.89,19.67,19.36,18.97,18.73,18.55,18.31,18.12,17.92,17.77,17.56,17.32,17.13,16.87,16.65,16.47,16.28,16.13,15.98,15.77,15.51,15.31,15.17,14.93,14.71,14.50
19,108.26,99.88,95.20,95.23,86.19,91.03,97.84,86.69,92.18,85.13,91.87,83.81,82.38,79.85,90.05,84.97,89.77,92.18,92.23,84.13,91.70,72.91,68.99,64.25,71.45,71.04,65.49,64.07,63.88,46.58,49.22,45.91,50.95,45.90,44.91,41.79,40.16,38.51,37.03,35.73,34.41,33.26,32.21,31.29,30.40,29.49,28.73,28.11,27.55,26.88,26.27,25.79,25.32,24.92,24.58,24.28,23.95,23.59,23.33,23.08,22.80,22.38,21.99,21.70,21.42,21.25,21.07,20.88,20.56,20.29,20.06,19.76,19.60,19.38,19.08,18.93,18.72,18.39,18.11,17.89,17.68,17.42,17.18,16.94
20,99.11,100.15,99.75,94.38,95.78,89.28,92.36,100.62,92.98,99.04,88.61,80.29,91.11,90.47,92.03,83.03,96.85,86.40,85.24,84.37,80.62,87.85,84.24,77.48,70.20,74.68,68.66,75.50,64.35,55.23,53.03,47.78,44.00,48.17,49.70,46.33,44.50,42.72,41.10,39.66,38.28,36.94,35.77,34.81,33.77,32.82,32.02,31.28,30.60,29.96,29.31,28.70,28.15,27.67,27.29,26.94,26.63,26.35,26.04,25.71,25.35,24.96,24.60,24.16,23.82,23.66,23.44,23.21,22.97,22.72,22.45,22.17,21.92,21.60,21.26,21.01,20.75,20.36,20.08,19.85,19.63,19.41,19.20,19.00
21,82.99,85.33,85.99,86.30,89.72,88.01,97.68,89.93,90.10,94.35,89.95,90.16,89.14,84.19,103.69,95.40,106.31,90.96,83.83,86.74,80.33,82.76,83.72,63.53,73.60,69.25,73.80,63.79,66.87,67.52,54.68,45.29,47.75,48.93,52.44,48.95,47.00,45.25,43.61,41.94,40.51,39.17,37.99,37.01,35.97,35.04,34.13,33.25,32.50,31.82,31.22,30.67,30.07,29.55,29.10,28.68,28.27,27.96,27.67,27.36,27.03,26.61,26.17,25.76,25.49,25.27,24.95,24.68,24.46,24.17,23.87,23.60,23.27,22.92,22.65,22.31,22.01,21.75,21.47,21.18,20.95,20.72,20.50,20.29
22,87.11,85.99,86.84,84.51,87.38,89.42,88.39,91.69,92.83,99.50,88.92,90.88,92.39,89.62,88.69,94.00,91.44,96.21,87.48,89.39,84.98,92.80,85.52,81.02,71.47,75.11,70.80,72.87,60.36,59.91,58.19,49.76,43.08,47.76,53.59,50.06,48.16,46.28,44.66,43.08,41.63,40.35,39.16,38.12,37.03,36.00,35.03,34.13,33.49,32.81,32.19,31.60,30.99,30.51,30.01,29.52,29.10,28.81,28.44,28.10,27.85,27.41,26.95,26.62,26.37,26.11,25.84,25.52,25.16,24.83,24.54,24.30,23.94,23.55,23.31,23.00,22.77,22.58,22.26,21.93,21.60,21.31,21.08,20.86
23,85.56,89.34,70.17,82.68,78.31,84.90,82.61,93.16,85.51,99.53,98.80,85.25,85.46,87.69,89.18,87.01,92.45,99.52,94.41,97.15,79.16,82.31,84.80,87.03,79.68,76.94,71.90,75.24,65.18,68.42,50.92,57.87,51.82,57.11,53.94,50.40,48.56,46.66,45.09,43.64,42.21,40.96,39.74,38.55,37.46,36.40,35.41,34.58,33.94,33.32,32.70,32.05,31.36,30.87,30.39,29.95,29.58,29.22,28.88,28.52,28.23,27.82,27.34,27.00,26.72,26.48,26.28,25.95,25.59,25.39,25.01,24.63,24.34,23.97,23.70,23.41,23.16,22.94,22.64,22.38,22.05,21.77,21.49,21.17
24,86.16,84.74,74.77,79.73,74.67,80.36,83.59,81.94,94.32,89.11,90.71,93.67,89.45,88.86,90.79,87.86,95.70,98.73,93.55,96.69,98.91,83.81,84.89,75.34,71.61,73.21,78.40,71.60,67.31,64.10,51.39,49.24,53.71,53.36,54.27,50.75,48.89,47.06,45.56,44.15,42.74,41.50,40.31,39.10,38.04,37.08,36.10,35.25,34.56,33.87,33.26,32.71,32.06,31.49,30.96,30.54,30.10,29.74,29.54,29.15,28.79,28.41,27.90,27.58,27.29,26.91,26.62,26.32,26.05,25.85,25.50,25.13,24.90,24.62,24.26,23.89,23.55,23.30,22.97,22.68,22.48,22.26,21.98,21.65
25,81.69,82.60,83.84,80.19,76.68,76.23,79.18,83.53,88.58,92.61,92.22,84.06,88.01,89.75,90.13,94.38,103.91,96.89,93.85,93.32,90.86,95.84,85.64,83.45,81.74,79.57,73.37,71.78,72.75,60.91,64.72,57.87,61.75,47.84,55.29,51.66,49.90,48.21,46.65,45.31,43.94,42.61,41.37,40.31,39.29,38.36,37.48,36.51,35.78,35.03,34.28,33.72,33.22,32.63,32.11,31.67,31.19,30.82,30.53,30.13,29.69,29.33,28.95,28.65,28.33,27.94,27.56,27.17,26.82,26.50,26.26,26.01,25.75,25.47,25.09,24.74,24.47,24.24,23.78,23.30,23.12,22.91,22.64,22.42
26,83.61,94.23,84.17,82.37,77.72,84.25,85.47,80.31,83.10,100.23,93.44,90.98,87.10,97.28,92.89,85.40,91.43,103.88,97.91,91.31,87.84,91.80,82.96,83.65,74.02,72.69,79.24,81.06,79.77,63.57,58.49,61.03,60.58,70.54,57.49,53.84,52.04,50.32,48.74,47.34,45.98,44.64,43.37,42.27,41.29,40.24,39.28,38.36,37.57,36.89,36.11,35.45,34.92,34.34,33.85,33.42,32.97,32.54,32.08,31.65,31.22,30.88,30.57,30.13,29.77,29.50,29.11,28.68,28.34,28.00,27.68,27.34,26.99,26.68,26.36,26.13,25.89,25.57,25.14,24.73,24.46,24.22,23.91,23.54
27,89.64,78.80,88.63,88.91,78.26,81.25,81.72,84.52,83.63,93.75,86.22,92.60,97.03,92.41,104.09,89.88,87.28,102.48,101.28,103.70,99.86,97.68,79.75,87.44,79.38,84.54,77.74,78.94,73.28,68.50,62.30,57.41,63.73,64.80,60.78,57.10,55.16,53.32,51.76,50.30,48.88,47.56,46.28,45.09,44.02,42.91,41.95,41.10,40.28,39.48,38.70,38.06,37.46,36.88,36.26,35.81,35.37,34.94,34.44,33.91,33.57,33.15,32.65,32.17,31.82,31.57,31.19,30.79,30.42,30.08,29.73,29.37,28.98,28.54,28.24,27.97,27.65,27.30,26.94,26.66,26.35,26.03,25.68,25.32
28,86.63,85.60,87.94,93.54,87.46,90.87,84.81,89.96,85.88,95.79,87.06,94.59,91.52,93.72,101.46,101.02,92.19,103.87,102.14,101.46,92.01,100.57,93.35,87.19,67.18,75.56,84.11,83.48,84.60,70.39,72.65,65.49,58.80,64.07,64.90,61.03,59.07,57.23,55.66,54.16,52.64,51.25,49.96,48.76,47.65,46.62,45.62,44.66,43.82,42.92,42.10,41.39,40.69,40.08,39.43,38.92,38.50,37.99,37.47,36.95,36.55,36.05,35.55,35.10,34.71,34.40,33.98,33.55,33.09,32.66,32.27,31.93,31.57,31.14,30.81,30.41,30.00,29.67,29.28,28.92,28.58,28.23,27.90,27.65
29,95.75,86.99,87.17,85.39,80.04,84.15,78.92,90.49,89.91,103.55,93.16,95.26,100.34,90.63,102.78,100.25,104.11,102.74,106.55,104.65,105.23,100.28,98.54,90.18,83.30,92.27,78.81,86.89,81.51,78.76,74.94,72.33,69.45,71.03,69.65,65.68,63.75,61.89,60.30,58.72,57.15,55.68,54.37,53.16,52.05,51.01,49.88,48.82,47.94,47.06,46.20,45.36,44.52,43.81,43.18,42.65,42.19,41.69,41.21,40.74,40.15,39.54,39.10,38.66,38.15,37.69,37.22,36.73,36.29,35.83,35.35,34.96,34.57,34.17,33.84,33.47,32.97,32.52,32.15,31.70,31.29,30.96,30.60,30.27
30,93.97,98.54,89.93,82.34,87.76,89.67,96.64,92.67,91.29,93.83,94.42,98.25,98.06,100.02,103.56,109.50,95.49,106.16,106.15,105.51,95.31,111.28,101.65,88.86,98.59,94.70,91.77,90.23,91.38,86.56,79.69,77.53,71.43,77.07,74.80,70.73,68.80,67.03,65.42,63.73,62.22,60.78,59.40,58.11,56.95,55.81,54.64,53.51,52.57,51.71,50.81,49.87,49.00,48.32,47.63,47.06,46.49,45.90,45.42,44.86,44.23,43.62,43.05,42.51,41.90,41.33,40.84,40.35,39.90,39.45,38.93,38.55,38.10,37.56,37.17,36.80,36.28,35.79,35.44,34.98,34.54,34.18,33.64,33.18
31,95.42,93.19,91.96,91.76,89.68,88.46,99.61,94.70,96.95,103.37,101.70,105.04,108.62,107.88,112.45,112.48,103.95,105.87,102.47,101.44,111.54,103.81,104.33,100.41,93.95,99.12,101.22,97.67,83.16,85.40,81.51,80.44,81.53,76.00,80.28,75.98,74.07,72.39,70.81,69.16,67.62,66.20,64.83,63.44,62.18,61.05,59.88,58.80,57.74,56.76,55.87,54.94,54.12,53.38,52.61,51.93,51.24,50.51,50.00,49.39,48.68,48.09,47.41,46.78,46.21,45.62,45.08,44.52,44.01,43.49,42.93,42.45,41.95,41.46,41.02,40.48,39.92,39.46,39.08,38.63,38.17,37.68,37.07,36.58
32,97.04,102.95,103.97,99.73,97.04,105.54,97.57,105.86,96.03,109.20,103.79,99.56,94.52,108.71,113.60,114.82,104.29,118.17,116.16,117.30,109.35,116.16,111.71,112.82,100.68,110.18,110.91,92.67,93.59,96.49,80.87,75.91,85.65,77.60,86.09,81.63,79.77,78.04,76.42,74.97,73.47,71.95,70.56,69.22,67.92,66.73,65.66,64.62,63.51,62.47,61.46,60.49,59.61,58.67,57.83,57.13,56.41,55.60,55.01,54.42,53.67,52.98,52.27,51.60,50.98,50.33,49.71,49.05,48.47,47.93,47.30,46.72,46.18,45.72,45.22,44.58,43.95,43.45,43.04,42.52,41.98,41.42,40.83,40.37
33,101.36,98.42,100.88,106.36,99.99,102.19,108.56,118.18,111.53,103.03,104.15,105.82,112.73,120.59,114.07,112.50,112.85,120.59,116.68,108.75,121.77,112.45,113.36,109.00,117.68,107.88,113.46,112.63,96.97,91.14,88.74,92.10,86.76,84.56,92.17,87.75,85.93,84.15,82.53,81.15,79.80,78.27,76.75,75.48,74.37,73.12,71.96,70.88,69.77,68.70,67.63,66.64,65.66,64.61,63.67,62.84,62.04,61.31,60.65,59.87,59.08,58.40,57.71,56.97,56.22,55.40,54.67,54.03,53.36,52.75,52.08,51.48,50.93,50.33,49.67,49.06,48.47,47.89,47.40,46.80,46.24,45.65,44.94,44.41
34,105.68,107.32,105.62,108.89,100.32,114.08,113.97,121.24,108.23,104.79,111.71,113.51,113.97,120.76,121.29,114.84,114.49,112.93,116.32,113.47,134.23,117.49,117.65,109.21,111.26,110.35,114.98,122.87,110.10,108.33,99.74,89.46,94.75,93.05,98.68,94.26,92.62,90.92,89.38,87.92,86.53,85.20,83.79,82.51,81.35,80.11,78.86,77.73,76.61,75.42,74.39,73.46,72.46,71.37,70.39,69.45,68.45,67.76,67.07,66.03,65.06,64.38,63.59,62.76,61.99,61.10,60.35,59.65,58.88,58.09,57.29,56.65,56.07,55.41,54.69,54.02,53.45,52.82,52.20,51.56,50.98,50.41,49.73,49.03
35,107.97,120.40,120.97,115.67,120.42,103.90,118.06,118.84,121.13,119.89,122.09,123.69,122.94,117.72,117.47,128.44,108.03,122.85,127.58,125.59,122.25,117.51,127.99,126.37,117.55,123.01,124.72,134.59,131.79,103.92,108.02,98.19,101.18,104.49,106.26,101.66,100.12,98.53,97.00,95.45,94.07,92.93,91.61,90.29,89.02,87.75,86.59,85.41,84.21,83.09,82.00,80.96,79.85,78.73,77.83,76.81,75.71,74.83,73.95,72.89,71.86,71.05,70.15,69.27,68.38,67.47,66.69,65.80,64.99,64.20,63.34,62.61,61.83,61.03,60.35,59.66,59.03,58.31,57.62,56.91,56.23,55.61,54.90,54.18
36,130.32,110.36,121.56,114.72,131.97,122.70,124.08,128.37,134.16,133.28,129.12,131.11,130.87,126.91,134.89,127.32,109.00,126.84,127.24,137.28,127.25,131.96,126.33,132.13,131.89,130.12,126.35,125.93,127.18,114.12,118.40,102.39,110.86,99.89,114.71,109.96,108.40,106.92,105.43,103.94,102.58,101.31,99.98,98.75,97.57,96.25,95.06,93.88,92.61,91.46,90.35,89.31,88.09,86.88,85.82,84.71,83.56,82.48,81.47,80.46,79.41,78.36,77.33,76.46,75.58,74.58,73.67,72.65,71.73,70.97,70.06,69.17,68.25,67.34,66.61,65.90,65.15,64.35,63.58,62.79,62.13,61.37,60.50,59.86
37,136.44,142.76,124.62,135.63,133.47,142.31,130.57,129.15,139.75,147.04,145.61,134.65,130.58,134.97,133.28,133.27,135.85,138.31,129.97,149.50,132.96,142.71,136.52,136.40,142.46,136.21,130.52,131.27,132.18,124.37,128.77,115.12,124.87,112.40,123.83,118.87,117.46,116.05,114.63,113.29,111.94,110.53,109.20,108.00,106.74,105.41,104.12,102.90,101.71,100.41,99.25,98.22,96.95,95.68,94.41,93.19,92.06,90.90,89.78,88.53,87.42,86.38,85.21,84.10,83.20,82.21,81.10,80.08,79.07,78.17,77.21,76.19,75.22,74.25,73.41,72.60,71.72,70.85,69.99,69.15,68.42,67.62,66.82,66.06
38,160.86,143.52,146.03,138.72,132.65,147.07,139.27,140.57,146.29,152.15,150.25,166.55,151.37,138.80,151.61,143.80,144.52,137.98,145.22,141.84,149.47,138.44,138.73,137.23,136.07,142.54,136.94,153.98,144.19,140.09,131.11,126.57,134.10,145.69,134.10,128.77,127.38,125.93,124.60,123.30,121.88,120.42,119.04,117.82,116.58,115.29,113.91,112.48,111.27,110.07,108.69,107.36,106.15,104.92,103.60,102.23,100.97,99.82,98.60,97.27,96.01,94.86,93.70,92.43,91.23,90.15,89.00,87.88,86.80,85.79,84.82,83.72,82.62,81.58,80.62,79.69,78.74,77.79,76.85,75.97,75.08,74.20,73.36,72.46
39,161.39,164.36,167.62,157.50,165.09,149.07,150.84,156.77,158.35,162.48,176.04,166.63,163.60,165.57,156.20,170.30,156.35,155.68,154.17,154.47,163.74,153.73,155.19,159.67,143.33,149.67,154.27,150.54,154.26,153.96,139.18,141.23,146.62,137.62,144.92,139.22,137.75,136.28,135.01,133.70,132.23,130.65,129.20,127.91,126.62,125.39,124.01,122.52,121.11,119.81,118.45,116.98,115.64,114.35,113.01,111.64,110.16,108.75,107.48,106.19,104.83,103.43,102.29,101.01,99.55,98.38,97.21,95.95,94.81,93.72,92.56,91.33,90.18,89.12,88.04,86.99,86.02,84.89,83.76,82.86,81.91,80.96,80.03,78.99
40,218.07,190.20,183.67,174.90,201.47,183.00,162.34,170.73,177.56,164.78,174.50,175.41,182.21,170.15,174.83,186.22,168.79,158.32,168.88,169.06,173.69,168.93,170.94,164.41,160.10,156.91,160.41,164.53,175.13,160.12,155.81,158.52,151.53,162.65,155.96,149.96,148.50,146.95,145.44,144.11,142.76,141.15,139.58,138.13,136.65,135.24,133.91,132.49,130.90,129.35,128.01,126.64,125.09,123.64,122.20,120.74,119.26,117.68,116.22,114.80,113.39,111.92,110.56,109.22,107.77,106.45,105.15,103.91,102.70,101.44,100.13,98.84,97.58,96.43,95.34,94.19,93.09,91.88,90.62,89.62,88.60,87.59,86.63,85.49
41,222.12,227.03,204.33,195.49,198.94,191.88,189.10,195.49,178.72,200.43,188.42,197.57,190.22,193.06,195.18,183.64,187.95,186.32,189.05,192.72,180.10,183.61,181.86,160.28,182.43,175.24,166.96,184.92,182.58,168.01,166.30,152.00,167.57,170.21,167.53,161.11,159.48,157.81,156.04,154.44,153.05,151.47,149.77,148.22,146.65,144.91,143.45,142.01,140.34,138.76,137.19,135.67,134.19,132.60,130.96,129.39,127.85,126.20,124.66,123.25,121.68,120.07,118.54,117.11,115.69,114.20,112.76,111.50,110.13,108.77,107.50,106.14,104.70,103.42,102.30,101.04,99.81,98.57,97.32,96.19,95.01,93.92,92.84,91.72
42,246.78,234.42,238.57,217.10,217.35,212.96,232.35,202.46,204.47,211.31,218.13,196.63,208.92,202.80,209.23,201.62,207.73,193.33,195.47,184.92,200.75,190.89,194.65,186.01,189.55,185.43,200.99,181.77,193.93,178.51,190.83,157.96,187.63,161.52,179.29,172.26,170.37,168.61,166.72,164.79,163.05,161.31,159.62,157.95,156.11,154.25,152.62,150.99,149.34,147.71,145.88,144.15,142.67,141.06,139.21,137.50,135.93,134.21,132.60,131.15,129.45,127.77,126.22,124.64,123.02,121.47,120.07,118.58,117.00,115.63,114.38,112.90,111.40,110.07,108.85,107.57,106.17,104.82,103.59,102.36,101.09,99.84,98.63,97.49
43,266.75,244.36,264.42,249.75,247.90,246.28,237.73,241.03,212.78,229.40,232.75,219.63,210.96,225.80,237.15,229.76,221.52,234.01,207.07,203.49,208.63,220.68,223.73,214.41,212.88,200.60,198.07,205.21,205.81,186.81,186.97,193.50,187.06,184.59,191.40,183.67,181.50,179.43,177.33,175.16,173.08,171.10,169.24,167.32,165.26,163.32,161.40,159.55,157.87,156.12,154.15,152.25,150.53,148.84,147.00,145.09,143.41,141.73,139.98,138.35,136.65,134.92,133.23,131.56,129.90,128.35,126.91,125.27,123.52,122.08,120.67,119.11,117.69,116.36,114.95,113.53,112.06,110.63,109.30,107.94,106.68,105.39,104.18,102.95
44,298.82,299.40,284.90,285.07,276.90,271.34,274.42,267.75,260.01,236.25,243.44,243.56,240.22,245.45,235.38,235.96,243.13,249.04,227.04,228.17,219.89,216.10,223.00,229.00,209.93,226.67,211.08,207.57,223.47,232.46,208.51,206.39,205.26,205.83,204.13,195.58,193.08,190.62,188.04,185.60,183.32,181.01,178.72,176.49,174.34,172.13,169.90,167.82,165.86,163.90,161.95,160.04,158.04,156.07,154.19,152.32,150.50,148.74,146.94,145.16,143.40,141.60,139.83,138.06,136.43,134.82,133.14,131.49,129.79,128.20,126.63,125.13,123.69,122.11,120.56,119.02,117.55,116.14,114.73,113.33,111.99,110.65,109.34,108.05
45,358.55,338.49,334.15,328.25,333.92,322.05,294.25,300.90,288.86,297.12,268.28,261.19,268.93,248.02,269.57,285.86,261.55,272.10,256.50,243.11,255.31,260.32,230.31,235.66,252.24,238.50,237.79,242.32,235.82,242.66,223.41,214.78,231.94,228.80,217.48,208.02,204.97,202.03,199.02,196.10,193.42,190.74,188.03,185.48,183.13,180.65,178.17,175.88,173.58,171.31,169.31,167.32,165.09,163.00,160.97,159.11,157.27,155.38,153.48,151.56,149.69,147.85,146.05,144.18,142.43,140.71,138.96,137.30,135.56,133.93,132.34,130.82,129.25,127.51,125.89,124.33,122.86,121.43,120.03,118.54,117.01,115.59,114.18,112.90
46,387.26,374.47,372.67,355.66,364.53,365.11,343.81,331.15,322.25,325.19,338.55,289.24,288.85,278.38,291.43,296.82,275.82,285.34,294.80,275.75,285.63,281.08,270.50,265.39,263.18,261.02,245.16,256.44,257.66,241.83,234.55,228.61,238.58,240.54,231.81,221.27,217.48,213.88,210.48,207.13,203.85,200.78,197.72,194.74,191.96,189.09,186.44,183.98,181.46,179.01,176.70,174.38,172.03,169.94,167.80,165.72,163.84,161.85,159.79,157.80,155.97,154.12,152.20,150.24,148.37,146.59,144.90,143.13,141.25,139.60,137.93,136.29,134.67,133.02,131.36,129.65,128.12,126.58,124.99,123.44,121.96,120.52,119.02,117.64
47,446.91,433.54,417.66,398.24,379.46,392.01,382.12,379.16,374.87,364.57,320.54,333.99,321.31,301.86,306.18,309.24,325.59,327.50,308.18,314.07,318.10,321.83,309.25,292.20,290.25,285.46,272.44,292.02,258.33,255.79,236.72,254.37,245.32,251.67,247.35,235.61,231.20,226.96,222.86,219.06,215.30,211.71,208.25,204.86,201.56,198.41,195.49,192.61,189.82,187.18,184.58,182.01,179.64,177.38,175.03,172.86,170.83,168.74,166.67,164.65,162.68,160.73,158.74,156.79,154.79,152.93,151.22,149.34,147.49,145.69,143.84,142.18,140.48,138.75,137.07,135.27,133.63,132.14,130.51,128.86,127.32,125.76,124.20,122.73
48,472.48,457.32,485.25,466.40,445.10,430.97,397.62,430.27,403.28,375.53,393.65,373.08,374.59,317.73,351.33,335.89,337.56,339.16,334.76,335.71,341.13,329.01,340.27,324.60,329.50,315.21,288.57,302.18,285.66,280.84,276.12,264.27,270.48,268.64,264.92,251.95,246.87,241.90,237.03,232.49,228.23,224.20,220.25,216.41,212.76,209.25,205.94,202.75,199.63,196.75,193.88,191.06,188.51,186.02,183.56,181.28,179.09,176.88,174.73,172.73,170.60,168.39,166.39,164.42,162.39,160.46,158.58,156.69,154.80,152.84,150.87,149.13,147.36,145.47,143.71,141.94,140.19,138.55,136.98,135.27,133.52,131.84,130.30,128.83
49,575.01,537.70,535.23,522.90,478.82,482.80,459.59,462.55,450.68,433.47,433.62,416.30,399.33,396.56,380.88,393.23,371.68,359.98,373.00,381.60,390.69,389.83,358.58,366.54,339.20,340.52,326.98,327.72,310.89,299.07,289.74,289.58,296.37,296.90,285.27,270.86,265.03,259.33,253.86,248.64,243.73,239.12,234.63,230.36,226.35,222.33,218.60,215.12,211.76,208.62,205.47,202.44,199.62,196.94,194.32,191.81,189.45,187.17,184.88,182.75,180.62,178.34,176.22,174.12,171.93,169.82,167.83,165.89,163.85,161.82,159.81,157.85,155.97,154.09,152.18,150.30,148.44,146.59,144.84,143.17,141.40,139.61,137.93,136.38
50,652.43,593.08,579.71,573.19,545.71,548.88,528.54,530.95,491.24,499.21,483.49,468.24,464.60,423.59,448.84,399.08,409.59,394.46,419.19,440.54,395.75,414.76,415.03,377.85,394.50,377.50,352.07,375.66,338.57,331.70,312.29,312.64,306.66,311.86,308.93,293.00,286.48,280.12,274.02,268.22,262.66,257.45,252.46,247.73,243.27,238.95,234.84,230.83,227.11,223.66,220.23,217.06,214.04,211.09,208.23,205.56,203.01,200.52,198.08,195.77,193.49,191.12,188.84,186.60,184.27,181.97,179.86,177.74,175.55,173.39,171.27,169.14,167.09,165.07,163.04,161.12,159.21,157.23,155.29,153.42,151.55,149.71,147.85,146.16
51,688.10,680.01,635.81,628.06,630.99,625.43,591.67,564.95,543.21,564.26,541.11,506.84,524.60,494.68,474.89,460.33,459.10,449.83,440.32,435.84,443.27,438.00,424.35,439.10,430.43,429.05,397.61,397.92,384.37,369.47,350.84,335.06,344.14,348.07,336.82,319.40,312.06,305.06,298.41,292.06,285.95,280.14,274.70,269.51,264.56,259.87,255.42,251.07,246.96,243.13,239.32,235.81,232.63,229.38,226.23,223.37,220.61,217.89,215.20,212.70,210.18,207.62,205.14,202.73,200.34,197.85,195.41,193.05,190.77,188.44,186.06,183.80,181.64,179.42,177.20,175.10,172.97,170.79,168.79,166.75,164.67,162.72,160.68,158.74
52,783.84,772.75,742.54,694.24,716.14,675.37,641.82,626.80,594.47,587.40,601.64,584.91,574.55,563.49,538.38,547.70,508.92,506.46,493.44,475.58,476.56,484.42,471.37,492.28,456.09,443.48,435.78,421.82,419.38,418.53,402.58,364.43,377.41,368.71,368.91,349.84,341.78,334.26,327.02,320.15,313.57,307.17,301.17,295.61,290.20,285.04,280.19,275.54,271.10,266.81,262.64,258.70,255.14,251.67,248.21,245.00,242.01,239.10,236.17,233.40,230.66,227.85,225.08,222.45,219.87,217.13,214.41,211.79,209.30,206.80,204.21,201.72,199.33,196.97,194.48,192.06,189.79,187.42,185.18,183.00,180.83,178.62,176.39,174.24
53,919.25,877.77,824.60,811.35,795.56,768.87,725.04,738.70,707.71,672.39,669.70,657.50,661.44,606.82,623.54,586.42,593.98,568.20,559.98,526.10,521.78,515.47,516.51,510.32,474.46,507.61,502.16,469.26,460.70,444.27,437.66,408.29,415.33,396.20,404.92,384.11,375.48,367.31,359.37,351.80,344.77,337.99,331.47,325.29,319.32,313.68,308.39,303.27,298.33,293.68,289.28,284.95,280.80,277.06,273.37,269.81,266.57,263.30,260.10,257.00,253.98,250.92,247.81,244.90,242.03,239.14,236.27,233.40,230.55,227.72,224.93,222.21,219.54,216.94,214.22,211.51,209.08,206.58,204.03,201.56,199.22,196.80,194.38,192.04
54,1008.64,990.48,942.69,913.83,914.20,865.03,837.67,805.71,772.44,742.09,738.75,690.30,716.34,661.37,666.40,669.68,644.77,650.05,636.98,548.74,592.90,553.92,562.18,556.08,524.09,552.70,537.89,520.06,480.75,487.37,455.37,454.88,459.78,443.72,445.27,422.47,413.19,404.30,395.67,387.33,379.64,372.40,365.33,358.53,352.01,345.85,339.94,334.26,328.91,323.85,318.94,314.26,309.71,305.44,301.45,297.60,293.94,290.37,286.84,283.32,279.99,276.75,273.41,270.13,266.87,263.77,260.64,257.44,254.37,251.29,248.20,245.25,242.27,239.34,236.44,233.51,230.66,227.83,225.17,222.45,219.71,217.11,214.49,211.84
55,1155.63,1114.65,1041.66,1013.24,975.15,950.49,943.52,912.58,831.69,855.79,823.39,798.12,782.66,750.62,757.40,741.57,711.25,712.71,672.87,652.13,620.58,627.77,636.28,583.19,590.69,591.11,603.37,576.71,571.12,545.77,528.71,497.12,478.54,484.86,490.02,464.99,454.76,445.06,435.71,426.72,418.28,410.24,402.54,395.19,388.07,381.31,374.77,368.50,362.74,357.16,351.69,346.47,341.57,336.89,332.49,328.28,324.15,320.22,316.35,312.47,308.74,305.21,301.65,297.95,294.32,290.91,287.48,283.85,280.37,277.12,273.77,270.48,267.27,264.06,260.83,257.67,254.54,251.36,248.37,245.40,242.36,239.46,236.59,233.63
56,1244.23,1192.05,1218.46,1140.80,1120.55,1100.78,1063.38,1019.98,983.75,970.37,887.12,871.69,869.14,827.15,832.69,826.57,802.49,774.31,764.79,763.32,714.33,669.18,683.44,644.30,625.07,661.67,649.01,616.52,610.12,624.56,575.77,557.73,539.34,511.30,538.98,511.65,500.24,489.53,479.30,469.56,460.34,451.35,442.90,434.91,427.12,419.69,412.53,405.69,399.30,393.15,387.18,381.37,376.05,370.96,366.05,361.40,356.73,352.45,348.23,343.93,339.90,336.00,332.04,327.96,324.04,320.20,316.38,312.52,308.66,305.08,301.38,297.65,294.17,290.78,287.23,283.61,280.15,276.76,273.41,270.20,266.88,263.59,260.39,257.22
57,1404.72,1408.91,1355.05,1262.12,1252.38,1213.42,1233.58,1130.21,1093.61,1056.44,1027.59,980.19,1018.70,953.97,916.60,897.34,927.10,851.46,908.37,813.93,792.28,767.48,762.37,729.42,698.16,693.22,670.49,683.48,654.56,657.46,620.20,594.76,608.29,583.12,592.40,562.40,550.02,538.22,526.94,516.19,505.96,496.19,486.92,478.06,469.49,461.34,453.54,446.08,439.09,432.29,425.64,419.43,413.65,407.91,402.38,397.19,392.08,387.39,382.78,378.17,373.77,369.33,364.95,360.60,356.25,351.90,347.70,343.62,339.53,335.46,331.39,327.36,323.37,319.53,315.75,311.94,308.07,304.22,300.59,297.06,293.40,289.87,286.30,282.76
58,1529.87,1526.63,1501.40,1421.95,1450.88,1358.47,1344.29,1240.80,1234.36,1169.25,1142.54,1121.75,1094.17,1019.32,1010.64,992.64,975.41,996.05,932.81,865.53,888.94,864.82,830.99,755.75,760.88,756.01,766.32,719.28,738.61,707.19,705.60,651.82,663.78,664.36,650.29,617.48,604.13,591.25,578.90,567.11,555.87,545.20,534.96,525.12,515.68,506.82,498.25,490.09,482.39,474.86,467.61,460.95,454.50,448.12,442.02,436.28,430.86,425.64,420.56,415.56,410.60,405.67,400.77,395.96,391.20,386.48,382.00,377.50,372.94,368.47,364.09,359.65,355.31,351.05,346.86,342.82,338.66,334.45,330.36,326.38,322.34,318.43,314.60,310.70
59,1744.66,1687.52,1629.38,1615.89,1568.27,1597.16,1471.85,1439.23,1364.46,1285.07,1286.66,1230.47,1207.97,1152.17,1125.25,1119.55,1081.04,1054.56,1039.09,1000.83,974.12,953.06,914.44,855.28,830.19,807.71,815.58,803.59,790.20,763.52,730.02,727.23,765.14,731.63,712.36,676.91,662.31,648.23,634.85,622.00,609.72,597.94,586.60,575.87,565.66,555.85,546.48,537.56,529.03,520.79,512.92,505.52,498.36,491.49,484.91,478.61,472.60,466.78,461.20,455.71,450.25,444.87,439.45,434.13,428.97,423.83,418.88,413.95,408.95,404.04,399.25,394.40,389.64,384.98,380.40,375.92,371.30,366.74,362.39,358.09,353.63,349.19,345.06,340.94
60,1889.18,1869.56,1817.95,1767.70,1788.27,1764.34,1619.89,1616.68,1554.09,1484.67,1402.62,1396.06,1376.21,1274.19,1291.60,1241.75,1191.08,1158.08,1165.54,1154.06,1075.27,1082.41,1074.16,989.92,972.36,913.52,867.86,873.93,868.68,860.60,814.70,790.00,824.58,785.22,778.25,739.98,724.25,708.91,694.26,680.27,666.80,653.92,641.49,629.79,618.77,607.95,597.65,587.92,578.59,569.69,561.13,552.94,545.06,537.55,530.48,523.59,516.94,510.55,504.35,498.47,492.55,486.51,480.71,475.08,469.35,463.71,458.24,452.75,447.33,441.89,436.57,431.45,426.23,421.09,416.13,411.18,406.12,401.10,396.38,391.66,386.92,382.18,377.49,372.93
61,2079.08,1955.78,1999.13,1965.82,1971.93,1947.08,1877.36,1822.56,1759.19,1667.98,1605.16,1544.66,1525.94,1458.08,1404.01,1366.16,1340.38,1312.69,1248.22,1255.23,1207.18,1157.49,1143.60,1095.91,1038.12,1052.02,995.45,946.56,932.49,908.56,878.23,897.04,878.08,864.70,847.73,806.24,789.57,773.19,757.21,742.01,727.36,713.32,699.90,687.06,674.97,663.29,652.07,641.43,631.23,621.48,612.26,603.37,594.75,586.48,578.66,571.21,564.16,557.16,550.22,543.81,537.35,530.73,524.46,518.34,512.06,505.91,499.89,493.90,488.06,482.13,476.28,470.67,465.11,459.53,454.02,448.64,443.19,437.78,432.53,427.26,422.13,417.14,412.00,406.92
62,2202.12,2251.44,2250.18,2159.57,2131.96,2151.42,2026.61,1999.72,1919.62,1854.34,1748.33,1742.27,1710.53,1633.08,1577.46,1541.60,1457.14,1446.47,1393.34,1357.01,1331.76,1317.58,1270.20,1269.12,1184.75,1139.52,1130.77,1043.15,985.36,1001.38,972.30,958.08,982.50,955.80,921.30,876.18,858.40,841.09,824.07,807.66,791.78,776.52,761.97,748.01,734.77,722.13,709.93,698.34,687.30,676.72,666.62,656.89,647.60,638.68,630.00,621.84,614.18,606.55,599.14,591.95,584.82,577.83,570.98,564.12,557.31,550.66,544.05,537.68,531.40,524.89,518.53,512.39,506.35,500.30,494.25,488.40,482.55,476.66,470.96,465.31,459.66,454.14,448.74,443.26
63,2463.76,2368.54,2524.83,2424.14,2369.66,2322.71,2224.47,2219.26,2094.85,2066.09,2034.45,1957.92,1906.54,1775.74,1757.34,1744.00,1639.04,1607.49,1530.96,1492.53,1440.19,1424.21,1410.30,1277.04,1302.49,1260.31,1214.87,1218.93,1094.78,1097.33,1049.77,1025.04,1039.54,1032.09,1000.27,951.01,931.80,913.30,895.36,877.76,860.63,844.12,828.31,813.17,798.83,785.09,771.79,759.15,747.18,735.71,724.65,714.12,704.12,694.42,685.09,676.18,667.61,659.35,651.59,643.70,635.75,628.19,620.72,613.31,605.96,598.69,591.47,584.48,577.63,570.73,563.87,557.15,550.46,543.89,537.45,530.99,524.59,518.26,512.10,505.99,499.90,493.84,487.93,482.02
64,2723.87,2751.59,2614.87,2602.57,2670.44,2524.41,2500.84,2496.38,2382.41,2308.80,2253.65,2178.04,2182.55,2038.61,2012.78,1944.74,1828.99,1802.32,1673.70,1611.29,1548.08,1563.04,1554.43,1477.64,1435.56,1393.13,1358.67,1288.49,1253.55,1190.12,1153.93,1112.95,1133.60,1136.45,1086.81,1032.58,1011.39,991.35,972.22,953.49,935.25,917.53,900.34,884.01,868.36,853.35,839.01,825.28,812.16,799.61,787.71,776.32,765.39,754.82,744.75,735.16,725.85,716.83,708.24,699.68,691.10,682.81,674.71,666.78,658.82,650.91,643.05,635.29,627.76,620.39,613.02,605.69,598.33,591.14,584.22,577.21,570.18,563.39,556.71,549.99,543.41,536.90,530.43,523.99
65,2990.62,2991.99,2932.37,2728.76,2956.51,2841.14,2740.54,2695.76,2655.31,2622.38,2522.37,2367.72,2402.41,2290.68,2213.53,2176.20,2063.48,1992.23,1925.14,1836.45,1728.33,1721.48,1656.03,1621.43,1550.11,1514.15,1497.54,1436.17,1327.06,1316.92,1227.46,1211.52,1238.24,1225.94,1183.83,1123.64,1099.77,1077.73,1057.06,1036.95,1017.54,998.67,980.11,962.30,945.25,928.86,913.33,898.51,884.13,870.52,857.59,845.13,833.19,821.68,810.68,800.17,790.11,780.41,770.94,761.54,752.36,743.39,734.47,725.69,716.95,708.39,700.05,691.58,683.29,675.15,667.08,659.22,651.30,643.50,635.84,628.20,620.73,613.24,605.89,598.70,591.49,584.38,577.36,570.41
66,3232.89,3229.82,3216.75,3156.14,2975.94,3108.20,2971.14,2997.80,2898.31,2790.42,2775.65,2682.22,2669.62,2515.47,2497.88,2347.43,2233.67,2211.78,2146.75,2032.71,1922.29,1871.35,1825.56,1792.62,1686.54,1661.93,1624.58,1579.04,1498.76,1466.23,1421.94,1332.64,1345.54,1291.94,1294.54,1227.25,1200.08,1175.20,1152.19,1130.42,1109.66,1089.53,1069.69,1050.27,1031.73,1013.97,996.98,980.78,965.08,950.23,936.11,922.50,909.46,896.99,885.05,873.44,862.30,851.77,841.56,831.36,821.26,811.38,801.55,791.96,782.40,773.01,763.92,754.75,745.71,736.80,727.94,719.35,710.91,702.47,694.01,685.64,677.47,669.41,661.34,653.37,645.64,637.88,630.19,622.53
67,3585.98,3553.98,3551.97,3459.52,3377.53,3291.12,3341.57,3231.71,3218.33,3143.19,3096.82,2999.40,3024.48,2820.37,2777.11,2606.74,2554.52,2474.19,2417.01,2253.38,2152.33,2103.37,2044.75,1931.05,1904.59,1818.69,1755.19,1710.72,1643.04,1592.28,1523.45,1535.15,1428.44,1442.47,1421.65,1345.83,1314.70,1286.26,1260.27,1236.30,1213.65,1191.87,1170.63,1149.82,1130.98,1114.26,1096.97,1078.99,1061.80,1045.46,1029.85,1014.90,1000.45,986.78,973.74,961.04,948.72,937.05,925.78,914.59,903.53,892.44,881.71,871.25,860.62,850.27,840.17,830.20,820.29,810.42,800.68,791.13,781.88,772.74,763.55,754.41,745.24,736.42,727.65,718.83,710.32,701.86,693.37,684.82
68,3930.40,3910.41,3942.03,3815.32,3842.03,3683.38,3489.99,3559.25,3391.80,3426.70,3308.22,3274.54,3263.02,3094.39,3003.60,2955.46,2859.56,2706.39,2606.57,2504.43,2305.92,2314.39,2265.42,2123.87,2051.71,2006.31,1978.13,1955.79,1861.38,1776.61,1649.56,1617.53,1619.69,1559.30,1567.13,1481.30,1445.11,1412.53,1382.95,1355.78,1330.58,1306.74,1283.79,1261.55,1243.78,1230.58,1214.13,1194.33,1175.38,1157.33,1140.06,1123.47,1107.59,1092.37,1077.82,1063.98,1050.40,1037.30,1024.80,1012.46,1000.16,987.89,976.04,964.44,952.66,941.01,929.71,918.76,907.91,897.05,886.38,875.75,865.23,855.14,845.18,835.15,825.00,815.05,805.44,795.94,786.35,776.85,767.55,758.26
69,4286.67,4288.54,4225.08,4068.86,4149.54,4085.07,3975.65,3755.48,3859.64,3785.39,3666.02,3611.07,3608.41,3340.37,3370.04,3265.92,3125.50,3005.27,2953.36,2788.01,2642.62,2585.73,2514.00,2379.54,2227.50,2131.94,2151.63,2129.70,2041.52,1986.00,1845.06,1842.12,1788.06,1778.38,1732.21,1635.58,1593.39,1555.79,1521.67,1490.39,1461.97,1435.40,1410.19,1386.06,1368.30,1356.72,1339.77,1318.03,1297.25,1277.36,1258.38,1240.01,1222.50,1205.75,1189.65,1174.37,1159.49,1144.94,1131.08,1117.43,1103.87,1090.44,1077.23,1064.31,1051.49,1038.65,1025.94,1013.72,1001.90,990.08,978.35,966.63,954.89,943.58,932.60,921.74,910.73,899.59,888.75,878.42,868.09,857.52,847.18,837.08
70,4790.12,4662.59,4666.60,4483.41,4663.17,4442.74,4314.16,4240.28,4109.59,4061.81,4082.86,3923.34,3903.43,3737.96,3693.00,3687.40,3471.97,3410.09,3284.67,3052.37,2946.69,2796.80,2678.93,2629.14,2465.04,2399.52,2286.73,2314.31,2157.73,2157.34,2176.45,2033.35,1992.76,1941.56,1918.49,1810.25,1761.89,1717.91,1678.44,1642.58,1609.91,1579.87,1551.86,1525.34,1504.45,1488.74,1468.74,1445.03,1422.28,1400.48,1379.61,1359.60,1340.42,1321.98,1304.43,1287.55,1271.15,1255.46,1240.23,1225.13,1210.33,1195.69,1181.18,1166.85,1152.69,1138.95,1125.12,1111.37,1098.26,1085.29,1072.40,1059.67,1046.98,1034.48,1022.22,1010.21,998.35,986.38,974.50,962.99,951.71,940.39,928.93,917.72
71,5217.28,5097.06,5077.24,4850.10,5024.28,4841.94,4763.27,4522.47,4572.28,4336.08,4471.18,4344.99,4417.28,4097.96,4073.31,3984.74,3896.30,3711.89,3684.70,3397.97,3261.30,3225.65,3075.79,2876.25,2854.62,2664.38,2546.66,2537.93,2407.94,2371.86,2378.83,2280.12,2170.65,2148.74,2126.11,2005.35,1950.33,1899.59,1853.66,1812.41,1774.95,1740.66,1709.09,1679.59,1653.14,1629.32,1604.68,1579.23,1554.46,1530.64,1507.84,1486.03,1465.11,1444.89,1425.72,1407.39,1389.42,1372.36,1355.91,1339.42,1323.10,1307.01,1291.17,1275.48,1260.04,1245.08,1230.09,1215.02,1200.31,1185.97,1171.88,1158.07,1144.37,1130.72,1117.21,1103.82,1090.81,1078.10,1065.37,1052.61,1039.97,1027.68,1015.47,1003.23
72,5736.29,5705.12,5570.09,5425.01,5498.84,5427.72,5213.81,5173.98,4992.31,4883.69,4751.02,4739.61,4749.97,4440.47,4502.71,4463.24,4213.32,4174.01,4031.09,3819.86,3635.08,3534.26,3376.49,3268.32,3087.05,2952.89,2861.06,2790.06,2700.19,2624.48,2556.37,2553.98,2539.42,2455.00,2353.01,2220.06,2158.20,2100.86,2047.98,1999.88,1956.89,1917.74,1881.72,1848.53,1817.30,1787.76,1759.51,1732.19,1705.49,1679.33,1654.33,1630.45,1607.48,1585.48,1564.45,1544.30,1524.80,1505.94,1487.74,1469.94,1452.13,1434.33,1416.86,1399.76,1382.98,1366.37,1349.88,1333.63,1317.27,1301.14,1285.71,1270.50,1255.52,1240.74,1225.93,1211.13,1196.72,1182.73,1168.84,1155.03,1141.16,1127.51,1114.21,1100.99
73,6351.54,6292.32,6157.14,5928.82,5942.66,5842.08,5673.52,5666.73,5475.21,5381.66,5218.43,4994.84,5237.61,5037.49,4958.99,4801.10,4677.60,4519.87,4512.61,4274.76,4022.90,3881.39,3819.15,3552.09,3410.69,3222.38,3107.41,3134.63,2951.78,2892.64,2731.21,2750.34,2765.73,2626.24,2599.72,2454.61,2386.83,2322.59,2262.80,2207.63,2157.59,2112.72,2071.69,2034.06,1998.99,1966.13,1935.17,1905.38,1876.47,1848.15,1820.69,1794.51,1769.49,1745.27,1722.10,1699.89,1678.42,1657.68,1637.46,1617.86,1598.55,1579.15,1559.86,1540.92,1522.46,1504.20,1486.02,1468.14,1450.31,1432.54,1415.32,1398.46,1381.91,1365.65,1349.52,1333.43,1317.34,1301.61,1286.41,1271.44,1256.31,1241.21,1226.32,1211.72
74,6770.24,6926.24,6753.19,6526.07,6568.03,6451.31,6161.47,6126.34,6092.45,5886.16,5826.21,5677.70,5556.28,5419.94,5421.94,5313.16,5230.48,5106.38,4838.08,4789.36,4492.41,4414.39,4264.08,3930.79,3899.17,3598.32,3523.85,3335.59,3241.31,3201.84,3131.25,3022.73,3007.04,3002.76,2868.37,2711.12,2638.28,2567.99,2500.99,2438.73,2381.26,2329.08,2282.24,2239.50,2199.80,2162.92,2128.43,2095.63,2064.25,2033.85,2004.10,1975.37,1947.78,1921.17,1895.73,1871.28,1847.69,1824.94,1802.83,1780.99,1759.62,1738.64,1717.52,1696.43,1675.99,1655.98,1636.07,1616.26,1596.72,1577.52,1558.40,1539.53,1521.13,1503.15,1485.53,1468.05,1450.36,1432.93,1416.04,1399.42,1382.94,1366.55,1350.23,1333.96
75,7448.40,7420.88,7299.78,7094.96,7257.98,6978.31,6766.56,6674.91,6606.62,6426.83,6238.19,6044.74,6230.19,5660.06,5918.85,5856.50,5596.29,5438.34,5429.37,5135.88,5025.10,4873.45,4676.36,4454.56,4152.73,4023.30,3965.77,3805.59,3598.84,3540.80,3307.83,3371.26,3362.78,3246.54,3163.37,2992.66,2915.43,2839.94,2766.50,2696.56,2631.74,2571.69,2517.28,2468.52,2423.67,2381.92,2343.11,2306.82,2272.42,2239.33,2207.21,2175.91,2145.42,2116.16,2088.26,2061.34,2035.51,2010.62,1986.31,1962.36,1938.54,1915.25,1892.42,1869.46,1846.74,1824.51,1802.67,1780.92,1759.31,1738.14,1717.30,1696.47,1675.82,1655.90,1636.50,1617.27,1598.08,1579.02,1560.08,1541.41,1523.32,1505.64,1487.84,1469.94
76,8131.89,8036.92,7898.40,7654.58,8026.40,7840.96,7476.14,7269.74,7200.74,7036.88,6878.03,6726.30,6784.38,6395.12,6245.41,6362.00,6262.80,6043.01,5893.59,5599.67,5454.62,5438.80,5202.30,4845.53,4776.81,4497.52,4413.50,4194.65,4097.94,3893.49,3762.66,3736.81,3673.50,3574.29,3495.65,3306.84,3224.19,3143.69,3064.73,2988.13,2915.22,2847.36,2784.66,2727.79,2676.68,2629.48,2585.68,2544.86,2506.58,2470.36,2435.22,2401.07,2367.98,2335.82,2304.92,2275.13,2246.55,2219.11,2192.23,2165.94,2139.93,2114.05,2088.79,2063.82,2038.86,2014.25,1989.93,1965.92,1942.29,1918.90,1895.93,1873.29,1850.42,1827.98,1806.45,1785.19,1764.11,1743.20,1722.37,1701.73,1681.52,1661.82,1642.30,1622.81
77,8706.25,8809.73,8669.55,8341.83,8605.16,8461.87,8022.75,7888.92,7930.48,7575.04,7564.13,7415.15,7439.40,7058.12,7029.27,6454.78,6815.27,6563.26,6539.07,6219.24,6052.72,5916.78,5792.39,5455.23,5324.51,5020.25,4889.14,4690.50,4463.03,4371.64,4092.51,4130.64,4021.24,3923.57,3876.55,3664.61,3572.68,3486.08,3401.93,3319.10,3238.60,3162.39,3091.55,3025.90,2966.38,2912.62,2862.94,2816.72,2773.78,2733.26,2694.32,2657.07,2621.03,2585.90,2551.54,2518.18,2486.60,2456.16,2426.46,2397.57,2368.91,2340.53,2312.27,2284.42,2257.23,2230.05,2202.99,2176.36,2150.28,2124.51,2099.06,2073.97,2048.95,2024.00,1999.72,1976.08,1952.71,1929.70,1906.94,1884.22,1861.76,1839.60,1817.94,1796.63
78,9618.52,9611.47,9488.77,9041.83,9278.09,9222.15,8575.29,8601.43,8599.67,8317.88,8153.61,8085.88,8202.09,7748.40,7904.30,7528.40,6906.61,7295.02,7157.29,6916.90,6600.58,6477.25,6255.46,6136.56,5805.76,5542.26,5368.75,5263.54,4891.85,4899.86,4550.62,4629.79,4587.39,4422.52,4312.67,4072.20,3967.37,3870.84,3779.99,3691.16,3604.06,3520.08,3440.21,3366.01,3297.46,3234.96,3178.20,3125.83,3077.06,3031.23,2987.83,2946.76,2907.25,2868.73,2830.98,2793.87,2758.62,2725.18,2692.44,2660.39,2628.55,2597.00,2565.88,2534.84,2504.60,2474.82,2444.99,2415.45,2386.24,2357.63,2329.45,2301.41,2273.74,2246.49,2219.46,2192.76,2166.73,2141.26,2116.09,2091.14,2066.33,2041.53,2017.29,1993.73
79,10529.65,10456.11,10180.02,9814.66,10221.37,9864.98,9524.53,9394.49,9356.97,9182.30,9063.95,8581.92,9019.72,8427.86,8643.22,8336.32,8005.85,7483.56,7902.98,7452.64,7335.33,7216.76,7147.46,6668.33,6493.88,6228.80,5996.72,5962.45,5521.71,5311.29,5178.05,5020.81,4980.56,4871.64,4813.07,4538.67,4416.79,4306.21,4204.36,4108.73,4015.44,3924.13,3835.78,3752.22,3674.53,3602.36,3536.54,3476.62,3421.06,3369.33,3320.73,3274.64,3230.89,3188.66,3147.30,3106.36,3066.97,3029.92,2993.77,2958.04,2922.83,2887.81,2853.22,2819.08,2785.22,2751.99,2719.26,2686.51,2653.93,2622.03,2590.81,2559.75,2528.86,2498.65,2468.90,2439.10,2409.76,2381.24,2353.23,2325.75,2298.31,2270.70,2243.65,2217.17
80,11329.91,11366.14,11059.31,10916.83,11003.18,10793.62,10302.78,10335.57,10219.22,10035.13,9811.95,9605.11,9672.59,9257.60,9346.72,9330.87,8952.50,8533.91,7755.25,8231.12,8027.99,7956.81,7737.41,7350.86,7116.00,6936.18,6653.65,6525.06,6370.50,6052.98,5791.15,5622.07,5704.19,5551.18,5388.80,5076.68,4933.64,4804.82,4688.16,4581.01,4480.18,4381.87,4285.63,4192.99,4105.16,4023.20,3947.20,3877.78,3814.43,3755.60,3700.62,3648.67,3599.46,3552.73,3507.02,3461.85,3418.53,3376.96,3336.74,3297.32,3258.15,3219.24,3180.70,3142.90,3105.38,3068.03,3031.52,2995.55,2959.50,2923.80,2888.81,2854.29,2819.99,2786.18,2752.95,2720.12,2687.35,2655.05,2623.70,2592.98,2562.58,2532.36,2502.29,2472.34
81,12327.04,12267.64,12009.14,11464.24,11844.25,11505.06,11128.22,11132.31,11120.96,10638.68,10702.50,10251.88,10571.52,9962.58,10157.81,10018.19,9639.46,9452.32,9142.97,8307.83,8686.71,8800.17,8699.91,8041.27,7989.04,7546.31,7539.34,7378.62,6936.67,6806.86,6425.62,6494.36,6404.43,6106.81,6049.32,5696.56,5530.63,5379.10,5242.73,5119.36,5006.09,4899.43,4795.56,4694.27,4596.59,4503.82,4417.42,4337.66,4264.36,4197.09,4134.70,4076.01,4020.41,3967.73,3916.83,3866.92,3819.12,3773.01,3727.92,3684.06,3640.49,3597.00,3554.28,3512.05,3470.23,3428.96,3387.99,3347.75,3308.00,3268.37,3229.03,3190.23,3152.12,3114.60,3077.31,3040.47,3004.30,2968.12,2932.51,2898.11,2864.24,2830.77,2797.45,2764.08
82,13221.42,13615.75,13018.77,12491.84,13052.11,12507.04,11829.40,11869.82,12075.22,11605.53,11659.48,11339.08,11515.31,10911.97,11203.64,10871.87,10755.87,10389.34,10466.34,9793.49,8676.35,9559.96,9512.89,8966.79,8599.51,8586.10,8409.94,8079.21,7777.59,7500.83,7292.68,7247.07,7351.95,6904.47,6802.46,6406.82,6216.91,6040.00,5878.87,5733.96,5603.27,5483.55,5370.69,5260.89,5153.85,5050.75,4952.83,4861.97,4777.69,4699.99,4628.83,4562.35,4499.60,4440.21,4382.88,4327.27,4274.13,4223.07,4173.11,4123.75,4075.08,4026.94,3979.21,3932.05,3885.43,3839.24,3793.67,3748.45,3703.98,3660.32,3616.48,3572.98,3530.19,3488.20,3446.67,3405.32,3364.90,3325.01,3284.92,3245.67,3207.56,3170.04,3133.00,3096.13
83,14222.34,13984.44,14338.26,13535.84,14137.24,13387.57,13158.70,12915.23,13046.10,12742.80,12565.44,12343.11,12432.61,11887.25,12176.10,11834.96,11683.63,11585.36,11462.97,11009.25,10562.08,9363.64,10541.68,9921.87,9619.97,9351.25,9208.12,8922.49,8586.16,8242.69,8111.18,8143.40,8051.62,7784.88,7652.84,7211.64,6997.95,6794.86,6606.43,6434.80,6281.14,6143.12,6016.17,5896.50,5780.22,5667.06,5558.12,5455.12,5359.36,5270.25,5188.02,5112.30,5041.64,4974.61,4909.88,4847.33,4787.94,4731.43,4676.23,4621.28,4566.70,4512.98,4459.74,4406.98,4355.02,4303.33,4252.29,4201.95,4151.95,4102.93,4054.44,4006.07,3958.04,3910.76,3864.23,3818.18,3772.83,3728.22,3683.97,3639.77,3596.34,3554.10,3512.63,3471.65
84,15542.90,15347.82,15217.96,14495.04,15217.97,14591.74,13947.44,13929.75,14132.68,13739.57,13986.53,13239.35,13899.61,13198.43,12981.01,12851.51,12549.98,12480.54,12589.30,12090.61,11799.70,11016.35,10090.16,11173.01,10788.19,10321.27,10120.28,10081.68,9602.35,9357.13,9007.79,9075.96,8986.90,8632.69,8603.46,8115.11,7878.16,7649.15,7432.30,7231.21,7048.45,6885.78,6739.55,6605.17,6478.42,6355.41,6236.07,6121.42,6012.69,5911.29,5817.13,5730.26,5650.11,5574.44,5501.55,5431.23,5364.73,5301.78,5240.21,5179.23,5118.76,5058.49,4998.91,4940.29,4881.95,4824.31,4767.50,4711.05,4655.35,4600.07,4545.69,4492.23,4438.89,4385.90,4333.54,4282.16,4231.43,4181.06,4131.76,4083.11,4034.19,3985.96,3939.27,3893.40
85,16635.30,16552.33,16023.66,15675.63,16443.20,15923.73,14954.62,15101.68,15575.51,14832.53,14588.91,14281.55,14957.36,13923.99,14104.86,14211.20,13838.41,13556.14,13535.07,13178.90,13283.39,12712.66,12675.22,10401.42,11698.38,11570.05,11182.59,11109.14,10651.09,10427.96,10046.42,10108.09,10156.83,9771.06,9663.55,9127.23,8868.58,8613.95,8368.35,8136.46,7922.01,7727.94,7555.26,7399.97,7257.41,7123.75,6994.28,6868.07,6746.48,6631.41,6525.01,6425.84,6333.66,6248.47,6166.88,6087.95,6013.23,5942.48,5873.77,5805.82,5738.76,5671.90,5605.19,5539.67,5474.61,5410.12,5346.69,5283.67,5221.46,5159.84,5098.58,5038.69,4979.82,4920.78,4861.95,4804.20,4747.53,4691.34,4635.74,4581.14,4527.04,4472.90,4419.82,4368.31
86,17850.01,17805.32,17663.46,16629.36,17463.20,17648.27,16085.77,16207.86,16589.63,16087.21,15844.42,15541.94,16066.43,14965.33,15542.43,15319.75,15028.32,14629.91,14524.51,14343.37,14020.96,14085.77,13900.40,13023.53,11497.95,12901.67,12623.64,12512.29,11703.35,11428.65,10964.05,11482.77,11300.96,10733.52,10837.11,10252.83,9975.37,9696.88,9422.71,9159.19,8911.15,8682.76,8476.42,8292.57,8127.70,7977.56,7836.75,7699.47,7566.13,7438.15,7317.32,7204.94,7099.96,7002.78,6911.37,6823.25,6739.65,6660.12,6582.88,6507.41,6432.73,6358.51,6284.52,6210.88,6138.42,6066.72,5995.44,5925.12,5855.65,5786.97,5719.00,5651.46,5585.24,5519.94,5454.52,5389.62,5326.03,5263.25,5201.14,5139.68,5079.08,5019.50,4959.93,4901.16
87,19174.24,18793.05,18636.84,17995.22,18048.44,17663.96,17375.03,17513.72,17706.26,17093.49,17522.93,16730.85,17401.01,16290.71,16595.97,16566.32,16439.54,15996.73,15897.31,15384.69,15009.72,15229.38,15366.65,14672.04,14002.94,11834.42,14005.08,13668.22,13274.76,12767.25,12373.20,12645.27,12353.18,12188.45,12115.36,11485.77,11193.24,10893.66,10593.08,10298.84,10016.35,9751.81,9508.47,9288.83,9094.43,8920.92,8762.42,8613.00,8468.60,8328.06,8193.09,8066.30,7948.17,7837.78,7733.75,7635.29,7542.33,7453.37,7367.00,7282.79,7199.69,7117.11,7035.34,6953.69,6872.36,6792.41,6713.41,6635.00,6557.59,6480.89,6405.05,6330.23,6255.85,6182.77,6110.57,6038.45,5967.08,5896.77,5827.76,5759.12,5690.97,5624.41,5558.60,5492.67
88,20219.76,20618.36,19904.63,18829.97,19841.70,19867.53,18000.97,18373.98,19313.53,17681.58,18619.31,17866.77,18714.24,17706.70,18013.41,17771.86,17684.99,17099.63,17684.22,16849.84,16683.31,16697.71,16473.03,16155.94,15964.86,14463.79,12754.65,15493.87,14867.63,13970.57,13680.98,13904.70,13843.44,13520.48,13497.20,12823.12,12521.12,12204.77,11882.00,11560.00,11243.82,10941.76,10659.26,10400.41,10168.40,9962.86,9779.94,9612.72,9454.95,9302.55,9155.28,9014.33,8881.27,8757.13,8639.43,8528.14,8424.47,8326.16,8230.54,8136.33,8043.48,7951.57,7860.58,7770.33,7680.37,7591.33,7503.73,7416.71,7330.37,7245.02,7160.66,7077.48,6995.02,6913.31,6832.77,6753.16,6673.97,6595.52,6518.35,6442.03,6366.38,6291.77,6218.38,6145.75
89,21422.74,21679.23,20941.80,19665.01,21304.53,20374.39,19832.67,19984.22,20575.23,19464.61,19995.58,19209.10,19874.95,18823.34,19238.42,19493.29,19042.41,18839.40,18919.59,17949.65,17919.72,18244.47,18164.30,17002.51,17864.07,16799.97,16173.79,13682.59,16561.16,16372.30,15263.36,15247.11,15421.64,14827.69,14986.31,14268.16,13961.13,13635.97,13295.99,12949.58,12603.28,12264.73,11941.67,11641.21,11366.55,11120.23,10904.21,10711.65,10534.76,10369.53,10210.23,10055.82,9908.00,9768.64,9637.13,9511.47,9395.09,9286.55,9180.81,9076.36,8972.91,8870.50,8769.26,8669.18,8570.09,8471.49,8373.73,8277.03,8181.63,8087.08,7993.51,7900.93,7809.31,7718.84,7628.90,7540.43,7453.19,7366.33,7280.10,7195.23,7111.52,7028.65,6946.59,6865.49
90,21545.57,21363.08,22466.11,21485.65,22536.02,21403.93,20329.63,20329.37,21035.71,20264.24,21514.30,20374.82,21575.83,20179.85,20527.80,20223.33,20034.16,20028.88,19993.99,19401.27,18778.41,18787.46,19425.92,17940.59,18638.06,17938.93,18460.82,16631.75,14835.52,17412.17,16814.62,16703.60,16844.91,16360.48,16588.81,15830.37,15522.87,15193.53,14843.59,14478.11,14105.53,13733.74,13372.06,13027.82,12707.48,12416.80,12157.50,11929.03,11726.32,11541.60,11368.14,11200.83,11039.07,10884.62,10737.38,10597.03,10466.62,10345.29,10228.41,10113.36,9999.01,9885.34,9773.06,9661.96,9551.98,9442.88,9334.61,9227.47,9121.90,9017.53,8913.56,8810.88,8709.37,8608.89,8509.51,8411.06,8313.92,8218.10,8122.67,8028.31,7935.35,7843.33,7752.13,7661.78
91,22514.91,23026.37,23272.11,23186.64,23998.60,23121.88,21601.79,21062.26,22608.30,22029.97,22099.49,22106.54,22160.56,21013.04,21882.54,21510.13,21753.79,21105.76,21118.65,20112.51,19932.81,20485.43,20705.66,19833.08,19805.64,19855.57,18860.95,20124.41,17185.44,16200.87,19128.90,18898.57,18540.65,17456.04,18303.59,17508.61,17206.87,16876.28,16522.96,16147.87,15755.41,15356.05,14959.11,14572.10,14204.91,13866.13,13558.00,13283.57,13043.23,12830.39,12637.02,12455.25,12279.67,12110.50,11947.38,11791.11,11645.91,11510.35,11380.61,11253.89,11128.10,11002.65,10878.05,10754.77,10633.37,10513.14,10393.71,10275.38,10157.73,10042.09,9927.76,9813.87,9701.44,9590.15,9480.03,9371.40,9263.39,9156.69,9051.72,8947.45,8843.93,8741.59,8640.80,8541.05
92,25236.30,25155.38,24878.36,24839.88,26102.54,24344.97,22829.44,23299.42,24142.94,24029.60,23679.78,23568.08,24979.98,23426.97,24396.32,23959.38,23679.00,22830.04,22517.02,22496.53,22403.76,22206.64,23132.82,21473.74,21205.23,21276.34,21378.22,21346.63,20188.38,18647.39,17424.90,21494.25,21173.20,19917.04,20125.16,19291.25,19000.94,18676.91,18324.42,17947.45,17546.41,17126.87,16699.42,16273.69,15861.04,15471.89,15111.12,14785.29,14495.95,14243.43,14021.49,13818.86,13628.17,13444.79,13266.10,13093.60,12932.48,12782.38,12638.94,12498.84,12360.03,12221.80,12084.54,11948.65,11814.56,11682.19,11550.55,11419.83,11290.37,11162.01,11035.59,10910.31,10785.94,10663.02,10541.12,10421.16,10302.28,10184.01,10067.56,9952.53,9838.29,9725.03,9613.42,9503.20
93,25845.23,26713.04,26823.87,25376.75,27446.86,26452.12,24539.41,25242.94,26490.30,25171.88,26632.95,24946.62,27228.94,24899.90,25958.15,25915.68,25113.22,24469.20,24633.02,23895.50,23759.93,24367.24,25465.53,22694.09,23492.40,22958.29,22707.93,23289.43,21971.53,22256.81,21105.35,20109.89,23871.84,21895.19,22060.48,21183.06,20906.52,20596.60,20251.86,19876.46,19473.10,19043.35,18594.84,18138.70,17684.71,17244.54,16829.98,16449.59,16105.90,15801.99,15537.45,15305.22,15093.81,14894.89,14701.31,14512.58,14334.82,14168.25,14009.90,13854.96,13701.68,13550.33,13399.90,13250.60,13102.66,12956.20,12811.32,12667.76,12526.11,12384.90,12244.85,12106.81,11969.88,11834.30,11700.23,11567.76,11436.44,11306.52,11177.81,11050.65,10925.09,10800.36,10676.95,10555.09
94,27730.60,30116.21,28952.04,27942.38,29089.87,27836.48,26377.45,25901.92,27201.17,27281.95,28739.39,27347.79,26974.77,25849.36,27407.79,27288.68,26720.43,25984.43,26473.81,25736.14,25360.41,25912.96,25276.28,24920.44,24302.68,24437.86,23468.69,24901.17,23975.16,24861.51,23603.41,22614.23,21616.27,23673.69,24116.00,23192.81,22930.19,22637.34,22307.98,21940.45,21541.44,21111.25,20653.17,20176.52,19688.37,19201.00,18734.08,18296.61,17893.27,17530.48,17211.17,16935.52,16692.97,16472.67,16262.57,16057.61,15863.74,15680.52,15504.63,15333.74,15165.14,14998.13,14833.43,14670.06,14507.66,14346.84,14187.34,14029.83,13874.23,13719.45,13566.26,13414.40,13263.47,13114.42,12966.87,12821.01,12676.51,12533.30,12392.18,12252.04,12113.50,11976.81,11841.02,11706.33
95,30081.11,29809.96,30604.54,29628.02,29783.66,28909.30,27623.72,28488.64,28242.21,30286.11,29489.05,28535.25,29157.40,27527.94,30055.07,29157.87,28971.39,28105.99,28571.43,28245.90,26750.16,28344.81,28785.21,27309.05,26755.50,26159.52,27386.72,27480.48,26660.34,26016.54,25311.44,26854.08,25661.13,23521.20,26291.01,25323.75,25072.36,24797.74,24486.29,24133.53,23744.64,23319.30,22860.92,22375.19,21866.41,21344.66,20829.18,20332.41,19865.29,19440.69,19061.67,18727.56,18437.71,18185.15,17952.96,17732.01,17522.10,17321.35,17127.46,16938.77,16753.42,16570.02,16389.15,16210.45,16032.98,15857.15,15682.34,15509.21,15338.24,15168.68,15001.40,14835.22,14669.41,14506.07,14344.52,14184.28,14025.53,13868.24,13713.42,13560.00,13407.51,13257.27,13108.46,12960.37
96,31782.61,31269.90,32753.75,29659.39,32269.53,31403.58,29497.92,28954.20,32482.17,30582.62,32637.57,30887.43,30420.48,31051.52,30115.28,31702.27,30861.85,28725.63,29628.44,30024.95,28451.29,29992.69,29689.79,28588.11,29044.87,28036.24,28276.32,30142.20,27691.57,27597.11,27836.49,29579.32,28266.66,26555.06,28579.77,27564.22,27328.86,27067.01,26771.03,26439.76,26069.01,25655.17,25204.18,24720.49,24206.02,23664.14,23108.60,22559.05,22030.37,21539.59,21093.98,20694.94,20345.66,20044.07,19779.68,19535.95,19307.38,19090.05,18879.33,18672.80,18468.54,18267.93,18070.17,17874.13,17680.56,17487.97,17296.54,17106.83,16919.44,16734.63,16551.51,16369.80,16189.64,16010.78,15833.88,15659.37,15485.57,15313.19,15143.30,14975.36,14808.78,14643.54,14480.26,14318.83
97,31420.91,33042.10,32447.10,32263.12,34277.41,31747.51,29762.44,31485.25,31302.17,33816.72,32273.34,31404.13,35529.24,33119.15,31963.79,33436.53,32741.27,30606.72,32576.43,32472.32,33019.23,31580.05,31911.27,30189.37,30668.79,31086.34,31278.97,32838.73,29620.76,29025.11,30273.00,31756.95,31466.64,28463.76,31024.01,29945.49,29724.89,29477.44,29196.32,28885.78,28538.52,28149.81,27713.19,27235.08,26722.64,26174.00,25594.51,25006.21,24423.37,23863.35,23346.74,22877.59,22459.78,22094.78,21779.05,21497.18,21243.58,21011.05,20783.23,20558.13,20335.75,20116.47,19899.97,19684.72,19473.11,19262.64,19053.81,18847.24,18643.31,18441.67,18240.56,18042.13,17846.39,17651.29,17457.43,17266.27,17077.10,16889.31,16703.30,16519.11,16337.02,16156.63,15977.74,15801.51
98,34825.26,31142.31,35693.82,33215.11,35478.81,34730.54,31835.33,35215.95,33300.17,32765.40,35592.41,32521.33,36042.40,31566.27,33282.49,33395.97,31210.03,32842.76,34462.53,34184.68,33184.10,34299.35,31832.59,32763.91,33555.87,32260.53,34419.32,33116.69,30598.08,32518.42,31479.07,32936.04,32716.29,32300.28,33638.34,32492.26,32264.20,32031.23,31769.58,31477.10,31153.44,30786.36,30366.84,29902.30,29398.20,28858.39,28277.10,27662.72,27037.25,26421.02,25833.20,25286.15,24793.30,24356.95,23969.58,23632.17,23344.96,23087.96,22840.30,22595.85,22355.46,22118.25,21881.33,21646.87,21415.51,21185.58,20959.74,20736.25,20513.52,20293.12,20073.52,19856.95,19643.75,19431.20,19219.60,19010.65,18804.13,18600.08,18397.40,18196.12,17997.24,17801.06,17606.67,17413.21
99,39084.39,33825.50,31295.20,37065.64,36434.11,32932.24,26133.02,35824.00,36150.98,35921.82,39815.29,35892.32,37723.58,34996.45,35867.09,38160.14,35075.89,33450.57,36575.34,34012.29,34900.57,36038.12,33910.13,34401.35,33242.26,30183.84,34880.56,36336.34,32571.93,31865.56,34098.95,36335.98,33379.99,32904.76,36297.69,35084.01,34879.89,34664.57,34413.28,34134.62,33836.19,33485.30,33080.33,32658.22,32177.18,31645.65,31075.69,30451.87,29800.42,29141.76,28494.24,27872.51,27298.56,26782.32,26318.63,25912.50,25571.28,25279.19,25010.41,24743.83,24481.49,24225.12,23969.54,23717.74,23466.77,23217.61,22972.79,22729.30,22486.85,22247.36,22010.02,21775.43,21542.51,21312.30,21083.15,20855.79,20631.86,20410.79,20190.08,19971.14,19755.12,19542.01,19331.10,19120.13
100,43087.97,32175.50,40657.08,43111.34,35527.69,33109.16,36946.28,33721.97,39137.65,38963.36,38061.36,38079.33,40541.59,33988.99,35602.09,41243.14,36141.99,36639.21,36687.90,39456.91,34223.49,38725.86,39322.98,35027.77,38160.14,35105.24,35727.14,39837.14,33240.02,38648.90,34493.51,36961.85,37459.07,30306.13,39009.28,37725.06,37539.72,37332.05,37108.56,36854.19,36574.12,36239.85,35852.94,35461.22,35009.01,34498.87,33947.38,33345.72,32698.99,32008.86,31317.56,30631.65,29967.71,29368.50,28828.92,28345.61,27930.42,27581.96,27279.37,26988.23,26705.59,26429.32,26154.25,25882.29,25612.59,25345.21,25078.17,24813.42,24552.83,24294.00,24038.20,23784.48,23532.96,23285.23,23036.94,22789.95,22548.31,22310.45,22072.10,21835.08,21600.75,21370.04,21140.25,20912.41